strength_mean_core,radius_m,core_count,border_count,encounters,core_fraction,radius_p80_m,strength_p95_core,strength_mean_all,strength_p95_all,eps_km,min_samples,method,center_estimator,strength_min,wp_id,lat,lon
4.4,1426.1,6,3,8,0.7,1184.7,8.5,3.9,7.6,1.0,5,dbscan,median,2.0,0,-31.286333910789253,117.34411074459301
5.3,1010.9,4,3,6,0.6,936.3,8.0,5.0,8.0,1.0,5,dbscan,median,2.0,1,-31.102023379271838,116.80558148910505
4.0,1537.3,8,5,13,0.6,1409.0,6.9,3.8,5.9,1.0,5,dbscan,median,2.0,2,-32.766683966659514,117.17591515154359
4.0,1314.6,6,1,7,0.9,671.5,6.8,3.8,6.6,1.0,5,dbscan,median,2.0,3,-31.484348827238335,117.1343304000397
3.7,2022.8,8,6,14,0.6,1444.8,6.4,3.7,7.0,1.0,5,dbscan,median,2.0,4,-32.97673414715609,117.10885664110921
6.3,969.5,1,4,5,0.2,779.5,6.3,3.5,5.7,1.0,5,dbscan,median,2.0,5,-31.852628750722417,117.09053553301308
3.9,1683.9,5,5,9,0.5,1293.0,6.2,4.1,6.2,1.0,5,dbscan,median,2.0,6,-31.30265360653427,117.01017147761152
4.3,1642.9,6,2,8,0.8,1282.6,5.9,3.9,5.8,1.0,5,dbscan,median,2.0,7,-32.110298133620496,117.51878168069993
3.3,2820.5,15,6,21,0.7,1826.4,5.9,3.2,4.4,1.0,5,dbscan,median,2.0,8,-32.01110828373017,117.36902820815016
3.4,6512.4,231,12,189,1.0,3501.6,5.9,3.4,5.9,1.0,5,dbscan,median,2.0,9,-32.92891432460809,117.08372403198652
4.3,1480.9,4,5,9,0.4,1446.0,5.6,4.3,6.2,1.0,5,dbscan,median,2.0,10,-32.03741982384254,117.38847954912902
3.4,1311.2,6,2,8,0.8,943.4,5.5,3.3,5.3,1.0,5,dbscan,median,2.0,11,-31.408639779436243,117.20435164513002
4.0,1401.3,6,3,9,0.7,1179.5,5.5,3.7,5.2,1.0,5,dbscan,median,2.0,12,-31.42631507233471,116.86658153875709
3.9,976.1,5,1,6,0.8,679.7,5.4,3.6,5.3,1.0,5,dbscan,median,2.0,13,-32.88876087617468,117.30188584909216
3.8,2577.3,10,6,16,0.6,1994.3,5.3,3.4,5.1,1.0,5,dbscan,median,2.0,14,-31.76619075668723,116.97634215248507
3.9,840.1,3,2,5,0.6,463.6,5.3,3.5,5.2,1.0,5,dbscan,median,2.0,15,-32.874254826089775,117.0753580037333
3.4,5146.6,71,13,77,0.8,3574.1,5.3,3.4,5.2,1.0,5,dbscan,median,2.0,16,-31.20425661111111,117.0393841750842
3.5,1808.6,9,7,16,0.6,1445.1,5.2,3.2,4.5,1.0,5,dbscan,median,2.0,17,-32.90708502737783,117.23364033632018
3.7,1818.2,8,6,14,0.6,1610.5,5.2,3.3,5.0,1.0,5,dbscan,median,2.0,18,-32.03924745168865,117.32638966747324
3.6,2101.8,12,4,16,0.8,1361.8,5.1,3.6,5.5,1.0,5,dbscan,median,2.0,19,-32.05234844146736,117.1774370560516
3.9,611.3,2,3,5,0.4,573.2,5.1,3.7,5.0,1.0,5,dbscan,median,2.0,20,-32.10809368111012,117.19729504588864
3.4,731.4,5,0,5,1.0,601.9,5.1,3.4,5.1,1.0,5,dbscan,median,2.0,21,-31.933278220435344,117.86410954329968
3.8,1267.1,5,2,7,0.7,1058.5,5.1,3.6,5.1,1.0,5,dbscan,median,2.0,22,-32.324868243699896,117.82347714120372
3.6,1556.0,5,2,6,0.7,951.8,5.1,3.9,5.5,1.0,5,dbscan,median,2.0,23,-31.197144507988384,117.57450824790564
5.1,932.7,1,4,5,0.2,898.0,5.1,3.3,4.7,1.0,5,dbscan,median,2.0,24,-32.080630737433864,117.23302807539685
3.4,361.0,5,0,5,1.0,318.7,5.0,3.4,5.0,1.0,5,dbscan,median,2.0,25,-31.489786965977608,116.86803919279932
3.4,4372.4,35,13,47,0.7,3037.7,5.0,3.3,5.0,1.0,5,dbscan,median,2.0,26,-32.32267947568667,117.0100908375115
3.5,2630.1,27,7,30,0.8,1819.4,5.0,3.4,4.8,1.0,5,dbscan,median,2.0,27,-31.245172754309287,117.02106769478728
3.4,2238.5,11,5,16,0.7,1643.9,5.0,3.2,4.8,1.0,5,dbscan,median,2.0,28,-32.06264113798422,117.08988120738545
3.6,1962.3,7,3,10,0.7,1140.7,4.9,3.6,4.9,1.0,5,dbscan,median,2.0,29,-31.35846724431449,117.02213589798572
3.2,1528.9,6,2,8,0.8,1208.2,4.9,3.4,5.0,1.0,5,dbscan,median,2.0,30,-31.720377736987132,117.68220292935882
4.2,1199.0,3,4,6,0.4,1045.8,4.9,3.7,4.9,1.0,5,dbscan,median,2.0,31,-31.580092244658925,116.85872772015792
3.6,1945.6,16,3,17,0.8,1596.5,4.9,3.5,4.9,1.0,5,dbscan,median,2.0,32,-31.714456909248224,117.01470204333282
4.9,683.6,1,2,3,0.3,496.5,4.9,3.6,4.8,1.0,5,dbscan,median,2.0,33,-32.78908585144552,117.17877850503164
4.9,945.7,1,4,5,0.2,864.5,4.9,3.9,4.8,1.0,5,dbscan,median,2.0,34,-31.432015244708992,117.56580201719576
3.4,2495.9,16,7,22,0.7,1823.1,4.9,3.3,4.6,1.0,5,dbscan,median,2.0,35,-31.99226121031746,117.20734574629998
3.7,930.4,2,5,7,0.3,873.9,4.9,3.3,4.8,1.0,5,dbscan,median,2.0,36,-32.45412304210369,116.99558740891949
3.7,1660.1,8,3,11,0.7,1285.4,4.9,3.5,4.8,1.0,5,dbscan,median,2.0,37,-31.89785248195185,117.38432126329013
3.3,1829.1,9,4,12,0.7,1405.6,4.9,3.4,5.5,1.0,5,dbscan,median,2.0,38,-31.349489204545456,117.3444498984316
3.6,1197.5,4,4,8,0.5,1070.1,4.9,3.4,4.7,1.0,5,dbscan,median,2.0,39,-31.816327708609073,117.38291008828057
4.9,837.9,1,4,5,0.2,713.1,4.9,3.4,4.6,1.0,5,dbscan,median,2.0,40,-32.93264151067964,117.2678725993455
3.2,2315.3,13,5,17,0.7,1453.0,4.9,3.1,4.1,1.0,5,dbscan,median,2.0,41,-32.40165043209876,116.97301446023182
4.9,942.7,1,4,4,0.2,874.5,4.9,3.6,4.7,1.0,5,dbscan,median,2.0,42,-31.62298700637069,116.90683073460748
4.9,963.2,1,2,3,0.3,899.3,4.9,3.6,4.8,1.0,5,dbscan,median,2.0,43,-31.18180342552721,117.08843309727948
3.7,1264.5,3,5,7,0.4,1164.6,4.8,3.6,4.8,1.0,5,dbscan,median,2.0,44,-32.47998839065255,116.89994509034526
4.0,1339.2,5,4,9,0.6,999.6,4.8,3.8,4.7,1.0,5,dbscan,median,2.0,45,-31.366209529788183,117.4343511009962
3.9,1434.3,4,3,7,0.6,1169.5,4.8,3.5,4.6,1.0,5,dbscan,median,2.0,46,-31.475187061138676,117.00041305555555
3.4,2786.9,10,6,16,0.6,1864.5,4.8,3.4,5.2,1.0,5,dbscan,median,2.0,47,-31.359592138793236,116.84841195112288
3.7,1210.0,2,4,6,0.3,906.1,4.8,3.0,4.6,1.0,5,dbscan,median,2.0,48,-32.97301155101236,116.96264556108929
3.3,3624.9,26,6,31,0.8,2370.8,4.8,3.3,4.7,1.0,5,dbscan,median,2.0,49,-31.60142886890894,117.88750740254885
3.4,1208.6,4,5,9,0.4,1159.6,4.8,3.4,4.9,1.0,5,dbscan,median,2.0,50,-31.567283997718473,116.87175869473757
3.7,1080.5,4,2,6,0.7,1014.6,4.8,3.4,4.7,1.0,5,dbscan,median,2.0,51,-32.70119620084828,116.88387567141284
3.3,1048.8,5,1,6,0.8,594.5,4.8,3.4,4.7,1.0,5,dbscan,median,2.0,52,-31.760308950617283,117.03883343017684
4.6,988.7,2,3,5,0.4,819.0,4.8,3.9,4.7,1.0,5,dbscan,median,2.0,53,-33.00529543792779,117.06468313266896
3.5,1586.0,5,2,7,0.7,921.8,4.7,3.3,4.6,1.0,5,dbscan,median,2.0,54,-32.30132160493827,116.97106650414167
3.3,2321.0,12,6,18,0.7,1547.8,4.7,3.4,4.9,1.0,5,dbscan,median,2.0,55,-31.649322091755323,117.30469397375543
3.4,1270.7,5,2,7,0.7,832.9,4.7,3.3,4.6,1.0,5,dbscan,median,2.0,56,-31.27420225330225,117.017659796627
4.7,972.0,1,4,5,0.2,930.2,4.7,3.0,4.4,1.0,5,dbscan,median,2.0,57,-31.269812971950984,117.27933042524673
3.1,8657.5,453,26,329,0.9,4838.1,4.7,3.1,4.8,1.0,5,dbscan,median,2.0,58,-31.632027020946257,117.22256797448068
3.7,1421.7,6,4,10,0.6,1250.7,4.7,3.8,5.3,1.0,5,dbscan,median,2.0,59,-31.872078234254488,117.30218884200308
3.3,1839.4,18,5,22,0.8,1470.0,4.7,3.1,4.6,1.0,5,dbscan,median,2.0,60,-31.316825836341938,117.03717971562027
3.4,2212.7,6,5,11,0.5,1581.4,4.7,3.2,4.5,1.0,5,dbscan,median,2.0,61,-31.817639241379503,116.9411159231201
4.1,1275.7,3,4,6,0.4,1147.8,4.7,3.8,4.6,1.0,5,dbscan,median,2.0,62,-31.479535880272635,117.1904319572047
3.3,540.1,5,0,5,1.0,510.8,4.7,3.3,4.7,1.0,5,dbscan,median,2.0,63,-32.891173309098306,117.337484375
3.8,1346.1,3,4,6,0.4,789.2,4.6,3.7,4.6,1.0,5,dbscan,median,2.0,64,-31.409038263684252,117.25790922500543
4.6,936.7,1,4,5,0.2,847.3,4.6,3.3,4.6,1.0,5,dbscan,median,2.0,65,-32.627331792725144,117.20047457121636
3.4,1270.1,3,4,7,0.4,1108.5,4.6,3.1,4.4,1.0,5,dbscan,median,2.0,66,-31.902809142213172,117.07918340335544
3.5,1284.4,4,4,7,0.5,837.2,4.6,3.3,4.5,1.0,5,dbscan,median,2.0,67,-31.79222654336173,117.57496265998161
3.1,1575.8,8,3,11,0.7,1296.3,4.6,3.1,4.8,1.0,5,dbscan,median,2.0,68,-32.931797194605004,117.17948990915808
4.1,1091.1,2,4,6,0.3,862.9,4.6,3.7,4.5,1.0,5,dbscan,median,2.0,69,-31.155080189822804,116.8056661582481
3.1,32053.1,2492,121,1409,1.0,9951.2,4.6,3.1,4.6,1.0,5,dbscan,median,2.0,70,-32.12558286905565,116.96024789094841
3.3,2387.4,15,7,19,0.7,1872.2,4.6,3.5,5.2,1.0,5,dbscan,median,2.0,71,-31.803506857638897,117.520179841636
3.8,408.9,5,0,5,1.0,405.8,4.5,3.8,4.5,1.0,5,dbscan,median,2.0,72,-33.019111893011925,116.89767747685188
3.4,863.0,7,1,8,0.9,814.3,4.5,3.4,4.5,1.0,5,dbscan,median,2.0,73,-31.327270284942685,117.42234242105464
3.3,1520.8,3,2,5,0.6,918.6,4.5,2.9,4.3,1.0,5,dbscan,median,2.0,74,-32.03504927814677,116.90941131832828
3.6,1698.3,5,4,7,0.6,1325.3,4.5,3.5,4.4,1.0,5,dbscan,median,2.0,75,-31.41074443627451,116.89250962444126
3.6,2107.0,4,6,10,0.4,1252.8,4.5,3.8,5.1,1.0,5,dbscan,median,2.0,76,-32.23333557804803,117.25180386173543
4.2,1260.1,2,5,7,0.3,1213.1,4.5,3.5,4.9,1.0,5,dbscan,median,2.0,77,-32.04548837615253,117.12843571968476
3.0,1403.5,7,2,8,0.8,1044.9,4.5,3.0,4.4,1.0,5,dbscan,median,2.0,78,-31.42635798849843,117.02913140723882
3.5,1484.3,6,2,8,0.8,761.3,4.5,3.5,4.5,1.0,5,dbscan,median,2.0,79,-32.04950968486777,117.04189973482431
4.1,912.2,4,2,6,0.7,599.3,4.5,3.9,4.5,1.0,5,dbscan,median,2.0,80,-31.38401216957714,117.46713403815473
3.2,2689.3,8,6,13,0.6,2088.8,4.5,3.5,5.8,1.0,5,dbscan,median,2.0,81,-31.42401320254784,117.28675723790604
3.6,996.4,2,5,6,0.3,905.7,4.5,3.1,4.2,1.0,5,dbscan,median,2.0,82,-31.592923495536787,116.88163414727634
3.5,2489.5,11,8,19,0.6,1965.0,4.5,3.4,4.5,1.0,5,dbscan,median,2.0,83,-32.07558699648928,117.2015719458038
3.4,1581.7,4,3,7,0.6,1234.4,4.5,3.3,4.4,1.0,5,dbscan,median,2.0,84,-31.061902945930882,116.78626979272366
4.3,861.6,2,3,5,0.4,780.1,4.5,4.1,5.0,1.0,5,dbscan,median,2.0,85,-30.965072627211818,117.13788487038704
3.4,1128.7,4,2,6,0.7,748.9,4.5,3.2,4.4,1.0,5,dbscan,median,2.0,86,-32.63801293082292,117.56604616126376
3.2,1232.5,6,1,7,0.9,348.6,4.5,3.1,4.4,1.0,5,dbscan,median,2.0,87,-31.654087975535685,116.87745686507935
4.3,797.7,2,3,4,0.4,775.4,4.4,4.2,5.5,1.0,5,dbscan,median,2.0,88,-32.678885593741214,117.44878814265016
3.9,983.6,3,3,6,0.5,728.7,4.4,4.2,5.6,1.0,5,dbscan,median,2.0,89,-30.501764264705884,116.94641786678292
3.2,1223.1,5,3,8,0.6,1161.0,4.4,3.3,4.3,1.0,5,dbscan,median,2.0,90,-31.842656988960115,117.4648607159942
3.3,1183.6,3,3,6,0.5,785.3,4.4,3.5,5.3,1.0,5,dbscan,median,2.0,91,-31.777254576520463,117.46629256812368
3.2,1111.9,4,2,6,0.7,776.6,4.4,3.3,4.6,1.0,5,dbscan,median,2.0,92,-31.549782358223524,116.9004488804876
3.5,1095.1,3,4,7,0.4,1028.6,4.4,3.0,4.2,1.0,5,dbscan,median,2.0,93,-31.71342552478306,116.96859012451064
3.0,1340.8,5,3,8,0.6,1173.1,4.4,3.1,4.2,1.0,5,dbscan,median,2.0,94,-32.74233362099253,117.1582152285167
3.3,2393.6,9,5,13,0.6,1447.1,4.4,3.2,4.3,1.0,5,dbscan,median,2.0,95,-32.70492399470899,117.05949584104935
3.4,953.9,4,3,7,0.6,720.1,4.3,2.9,4.3,1.0,5,dbscan,median,2.0,96,-31.929565155523537,117.29922827471691
3.7,1388.6,2,4,6,0.3,1293.8,4.3,3.6,4.5,1.0,5,dbscan,median,2.0,97,-30.91521216866296,116.79767503659907
3.2,440.3,5,0,5,1.0,351.0,4.3,3.2,4.3,1.0,5,dbscan,median,2.0,98,-31.55551008230452,117.79837353896104
3.1,1990.4,11,5,15,0.7,1606.4,4.3,3.1,4.3,1.0,5,dbscan,median,2.0,99,-31.66868615162037,117.77318576388888
3.6,965.9,4,2,6,0.7,903.2,4.3,3.5,4.3,1.0,5,dbscan,median,2.0,100,-31.276935325103295,116.8654308170656
3.3,1423.1,6,5,11,0.5,1310.5,4.3,3.1,4.3,1.0,5,dbscan,median,2.0,101,-31.802506849140517,117.18158970285265
3.7,1823.0,6,3,8,0.7,1482.3,4.3,3.6,4.5,1.0,5,dbscan,median,2.0,102,-31.6576919262819,117.91170959390095
3.3,887.2,2,4,6,0.3,749.2,4.3,3.6,6.0,1.0,5,dbscan,median,2.0,103,-32.65338539938071,117.13241742198772
4.3,999.4,1,4,4,0.2,927.1,4.3,3.7,4.3,1.0,5,dbscan,median,2.0,104,-30.92839949018959,116.74938446318342
3.0,6109.7,55,11,60,0.8,3574.5,4.3,3.0,4.3,1.0,5,dbscan,median,2.0,105,-32.3742544007123,116.99778209325396
3.1,2470.2,13,7,20,0.6,1684.9,4.3,3.1,4.4,1.0,5,dbscan,median,2.0,106,-31.9880724047619,117.0896101948052
3.3,3003.4,15,4,18,0.8,1632.7,4.3,3.3,4.3,1.0,5,dbscan,median,2.0,107,-31.820053006365743,117.58949122467428
3.3,2209.4,12,4,13,0.8,1596.6,4.3,3.3,4.2,1.0,5,dbscan,median,2.0,108,-31.93103565896739,117.06662547549124
3.2,3819.5,25,11,35,0.7,2161.1,4.3,3.2,4.7,1.0,5,dbscan,median,2.0,109,-31.844425948914793,116.98245465713256
3.2,3026.4,21,6,26,0.8,1935.6,4.3,3.4,4.9,1.0,5,dbscan,median,2.0,110,-31.88428808784859,117.05441408730158
3.4,1531.3,3,5,8,0.4,1012.6,4.3,3.1,4.1,1.0,5,dbscan,median,2.0,111,-32.826900956221195,116.89459470760907
3.1,1820.4,10,4,14,0.7,1385.3,4.3,3.0,4.2,1.0,5,dbscan,median,2.0,112,-32.0179419029723,117.40540251342203
3.5,1017.2,4,4,8,0.5,968.5,4.3,3.4,4.2,1.0,5,dbscan,median,2.0,113,-32.25111182859849,117.22257342983514
4.3,957.5,1,4,5,0.2,933.6,4.3,3.3,4.1,1.0,5,dbscan,median,2.0,114,-32.51336567460317,117.06648683862431
3.0,1990.4,10,6,16,0.6,1614.9,4.3,3.2,5.0,1.0,5,dbscan,median,2.0,115,-31.728977514151495,117.14837291894034
3.0,2086.0,6,6,11,0.5,1493.5,4.3,2.9,3.9,1.0,5,dbscan,median,2.0,116,-31.903615604052135,117.11593897648231
3.0,1818.3,13,3,14,0.8,1124.3,4.2,3.1,4.2,1.0,5,dbscan,median,2.0,117,-33.01980286464307,116.87371065784832
3.2,2170.0,8,7,13,0.5,1581.2,4.2,3.2,4.0,1.0,5,dbscan,median,2.0,118,-31.64434891850309,117.09316713770843
3.5,1192.1,8,2,10,0.8,931.1,4.2,3.7,5.2,1.0,5,dbscan,median,2.0,119,-32.7905973725166,117.06932242510577
3.2,2327.4,6,8,14,0.4,1799.9,4.2,3.2,4.2,1.0,5,dbscan,median,2.0,120,-32.510695097489204,116.8912467006655
4.2,898.3,2,4,6,0.3,801.9,4.2,3.7,4.2,1.0,5,dbscan,median,2.0,121,-31.713703101761514,116.9209676532192
3.0,4767.7,25,11,32,0.7,2705.6,4.2,3.0,4.3,1.0,5,dbscan,median,2.0,122,-31.563295368999757,117.22264525887216
3.2,1428.3,5,1,5,0.8,672.4,4.2,3.3,4.4,1.0,5,dbscan,median,2.0,123,-31.53861432491987,117.2444536888172
3.0,2603.7,31,5,36,0.9,1827.3,4.2,3.1,4.5,1.0,5,dbscan,median,2.0,124,-31.64381317445286,116.98829764993684
3.4,1836.1,8,5,12,0.6,1321.2,4.2,3.2,4.1,1.0,5,dbscan,median,2.0,125,-31.697396709377863,116.88943718967707
3.3,861.9,6,0,6,1.0,828.3,4.2,3.3,4.2,1.0,5,dbscan,median,2.0,126,-31.70700548828814,117.30246354519463
3.2,1444.3,5,4,8,0.6,1125.2,4.2,3.2,4.2,1.0,5,dbscan,median,2.0,127,-31.34664870580808,117.41703622023807
4.2,905.5,1,3,4,0.2,844.2,4.2,3.2,4.2,1.0,5,dbscan,median,2.0,128,-31.29721793819601,116.80818254835712
3.4,2475.9,12,5,15,0.7,1480.9,4.2,3.3,4.1,1.0,5,dbscan,median,2.0,129,-31.55772603448244,117.30559250126872
3.2,2336.1,12,5,15,0.7,1583.7,4.2,3.3,4.2,1.0,5,dbscan,median,2.0,130,-31.674429552740392,116.9907135323271
3.4,1365.3,5,2,7,0.7,1091.7,4.2,4.4,7.4,1.0,5,dbscan,median,2.0,131,-30.898072907283847,116.72121452659768
3.8,1276.5,2,4,5,0.3,917.9,4.2,3.7,4.6,1.0,5,dbscan,median,2.0,132,-31.36702462872485,117.30717194263093
3.0,2248.5,8,3,11,0.7,1328.9,4.2,3.0,4.0,1.0,5,dbscan,median,2.0,133,-31.825703362141333,117.07859985490877
3.7,1571.3,4,6,10,0.4,1343.9,4.2,3.4,4.2,1.0,5,dbscan,median,2.0,134,-31.458897699951258,117.24558924013229
3.4,1618.6,5,5,10,0.5,1515.1,4.2,3.1,4.1,1.0,5,dbscan,median,2.0,135,-31.747570750661374,117.2738369694368
3.6,1006.1,2,5,7,0.3,957.1,4.1,4.2,7.6,1.0,5,dbscan,median,2.0,136,-31.99949789858904,117.05836778486054
3.7,669.7,2,4,6,0.3,669.2,4.1,3.4,4.0,1.0,5,dbscan,median,2.0,137,-31.306127366759185,117.41333731656985
3.4,1735.5,6,5,10,0.5,1151.6,4.1,3.4,4.3,1.0,5,dbscan,median,2.0,138,-32.12289182899915,117.1302938382004
3.2,2876.7,9,6,15,0.6,2385.8,4.1,3.1,4.1,1.0,5,dbscan,median,2.0,139,-31.93393970315904,117.45761520687644
3.2,932.4,4,2,6,0.7,854.4,4.1,3.0,4.1,1.0,5,dbscan,median,2.0,140,-32.98285887120186,116.89410701433985
3.3,1381.2,6,3,9,0.7,981.5,4.1,3.2,4.1,1.0,5,dbscan,median,2.0,141,-32.18014637325637,117.14968737808168
3.6,1314.7,3,4,7,0.4,1210.9,4.1,4.4,7.1,1.0,5,dbscan,median,2.0,142,-31.401603667114696,116.83932543275142
3.3,1176.9,3,5,8,0.4,1125.1,4.1,3.4,4.1,1.0,5,dbscan,median,2.0,143,-31.63110996081059,117.73898243641511
3.3,947.8,5,1,6,0.8,467.3,4.1,3.2,4.1,1.0,5,dbscan,median,2.0,144,-31.89690455357143,117.49234806112504
4.1,821.8,1,3,4,0.2,798.3,4.1,3.9,5.4,1.0,5,dbscan,median,2.0,145,-31.24220689153439,117.05655020282188
3.0,1470.2,5,2,5,0.7,977.4,4.1,3.0,4.2,1.0,5,dbscan,median,2.0,146,-31.771013447971782,117.50740016534392
2.8,1442.3,8,2,10,0.8,745.6,4.1,3.0,4.7,1.0,5,dbscan,median,2.0,147,-32.9117017380668,117.1756403983043
3.1,2698.6,21,7,26,0.8,1998.3,4.1,2.9,4.0,1.0,5,dbscan,median,2.0,148,-31.686702484161792,117.1671037825416
2.9,1207.9,8,1,9,0.9,863.3,4.1,3.0,4.2,1.0,5,dbscan,median,2.0,149,-31.401609426272568,116.99305892746914
3.1,1609.9,6,4,9,0.6,1482.1,4.1,2.9,4.0,1.0,5,dbscan,median,2.0,150,-31.65156862538457,116.83332581921276
3.0,1524.0,7,2,9,0.8,921.6,4.1,2.8,4.0,1.0,5,dbscan,median,2.0,151,-31.921565707671956,117.01040038556864
3.1,2109.5,8,4,12,0.7,1216.4,4.1,3.2,4.3,1.0,5,dbscan,median,2.0,152,-32.76969287985008,117.07144339512766
3.2,2453.4,7,5,11,0.6,1604.2,4.1,3.8,6.3,1.0,5,dbscan,median,2.0,153,-31.68765023133117,117.2832663284632
2.9,1854.8,10,5,13,0.7,1406.4,4.1,2.8,3.8,1.0,5,dbscan,median,2.0,154,-31.583255514294734,117.60136124477935
3.3,1544.5,7,3,10,0.7,1151.2,4.1,3.1,4.0,1.0,5,dbscan,median,2.0,155,-31.36082576046156,117.0638674524872
3.1,1266.8,5,3,8,0.6,1034.7,4.1,2.9,4.1,1.0,5,dbscan,median,2.0,156,-31.98105798611111,117.32301935763888
3.4,1372.2,5,1,6,0.8,541.5,4.1,3.3,4.0,1.0,5,dbscan,median,2.0,157,-30.858904074074076,116.79097421296296
2.9,2266.0,16,4,18,0.8,1542.0,4.1,3.2,4.5,1.0,5,dbscan,median,2.0,158,-31.780826012092653,117.14303098183805
2.9,1336.2,5,2,7,0.7,990.9,4.1,3.1,4.4,1.0,5,dbscan,median,2.0,159,-31.64987845300834,117.1712571470329
3.3,2462.7,14,4,17,0.8,1620.0,4.1,3.3,4.2,1.0,5,dbscan,median,2.0,160,-31.30451441857993,116.82452391699736
3.2,1331.3,3,5,8,0.4,951.2,4.0,3.4,4.0,1.0,5,dbscan,median,2.0,161,-31.422499022370214,117.16300835667602
3.1,1241.4,4,2,6,0.7,523.0,4.0,3.0,4.0,1.0,5,dbscan,median,2.0,162,-32.01526481842423,117.04528668614498
2.9,3160.8,18,7,23,0.7,1806.5,4.0,3.2,6.5,1.0,5,dbscan,median,2.0,163,-32.45686345857132,117.03338378566706
3.0,1817.6,5,3,8,0.6,963.1,4.0,3.3,5.5,1.0,5,dbscan,median,2.0,164,-32.826418222728805,117.11916020864362
3.4,1370.8,3,3,6,0.5,1204.4,4.0,3.4,4.1,1.0,5,dbscan,median,2.0,165,-32.36160501054122,116.94086547382764
4.0,919.2,1,3,4,0.2,812.8,4.0,3.6,4.3,1.0,5,dbscan,median,2.0,166,-32.079888808963986,117.17544476851046
4.0,960.2,1,4,5,0.2,832.0,4.0,3.8,4.3,1.0,5,dbscan,median,2.0,167,-31.2617239994838,117.37611577944313
3.1,2162.2,6,5,11,0.5,1339.7,4.0,3.0,3.9,1.0,5,dbscan,median,2.0,168,-32.1420095179958,117.06778667363115
4.0,956.4,1,2,3,0.3,840.9,4.0,3.6,4.2,1.0,5,dbscan,median,2.0,169,-31.7919215625,116.9946990327381
3.7,983.8,2,3,5,0.4,474.1,4.0,4.0,4.8,1.0,5,dbscan,median,2.0,170,-32.06079876921202,117.11427652198476
3.4,895.9,2,4,6,0.3,817.6,4.0,3.9,7.3,1.0,5,dbscan,median,2.0,171,-31.65389351632177,117.48505473140213
3.0,2219.8,10,3,12,0.8,1368.9,4.0,3.0,3.9,1.0,5,dbscan,median,2.0,172,-31.596040438808373,117.79682694167674
3.1,1676.7,9,5,12,0.6,1334.4,4.0,3.1,4.2,1.0,5,dbscan,median,2.0,173,-31.33789876986382,116.8336576810516
4.0,846.2,1,4,5,0.2,654.5,4.0,3.4,3.9,1.0,5,dbscan,median,2.0,174,-32.485064787903454,117.6834244736827
3.1,1068.4,4,5,8,0.4,974.7,4.0,3.2,4.1,1.0,5,dbscan,median,2.0,175,-31.558539687224442,117.7415135619542
3.0,979.9,8,1,9,0.9,801.0,4.0,2.9,4.0,1.0,5,dbscan,median,2.0,176,-31.446088537992583,117.03795729729683
3.0,1172.5,5,2,7,0.7,839.7,4.0,3.1,4.0,1.0,5,dbscan,median,2.0,177,-31.40013738173507,117.42566702946326
3.1,2243.4,17,6,20,0.7,1816.1,4.0,3.4,5.4,1.0,5,dbscan,median,2.0,178,-31.803960975641836,116.97077300306503
4.0,906.8,1,4,5,0.2,851.1,4.0,4.1,5.6,1.0,5,dbscan,median,2.0,179,-31.31418180001851,117.33634054499598
4.0,909.1,1,4,4,0.2,826.9,4.0,3.8,4.5,1.0,5,dbscan,median,2.0,180,-32.54368638492064,117.03898604563491
3.5,912.2,2,4,6,0.3,896.0,4.0,3.4,4.1,1.0,5,dbscan,median,2.0,181,-31.658762081113768,117.74760649418178
3.4,1116.3,4,3,7,0.6,982.2,3.9,3.1,3.8,1.0,5,dbscan,median,2.0,182,-31.712615604955676,117.74356138182696
3.4,1604.8,3,3,6,0.5,812.3,3.9,3.2,3.9,1.0,5,dbscan,median,2.0,183,-31.39456141219707,117.5002199404762
3.2,1489.1,6,2,7,0.8,947.5,3.9,3.2,3.9,1.0,5,dbscan,median,2.0,184,-32.957484266970134,117.01527945740298
3.4,989.6,2,4,6,0.3,797.7,3.9,3.2,3.8,1.0,5,dbscan,median,2.0,185,-31.615361844127797,117.11803623327862
3.9,981.5,1,4,5,0.2,954.4,3.9,3.0,3.8,1.0,5,dbscan,median,2.0,186,-31.65365127081432,116.8989680149174
3.9,984.3,1,4,4,0.2,892.8,3.9,3.3,3.9,1.0,5,dbscan,median,2.0,187,-32.101201155847235,117.08684713606372
3.7,684.7,2,3,4,0.4,655.6,3.9,3.3,3.9,1.0,5,dbscan,median,2.0,188,-31.2079677548924,116.84755896057658
3.1,1993.6,11,3,14,0.8,1395.4,3.9,3.0,3.8,1.0,5,dbscan,median,2.0,189,-31.420675039682543,116.82837430555554
3.9,882.7,1,4,5,0.2,878.3,3.9,2.9,3.8,1.0,5,dbscan,median,2.0,190,-31.9353121865689,117.51956266557264
3.2,1838.7,9,3,11,0.8,1040.4,3.9,3.3,4.5,1.0,5,dbscan,median,2.0,191,-32.792907552083335,116.8826952642747
3.9,819.0,1,4,4,0.2,794.6,3.9,3.4,4.1,1.0,5,dbscan,median,2.0,192,-31.762238131177043,117.09436124190051
3.9,715.9,2,3,4,0.4,711.4,3.9,3.5,3.9,1.0,5,dbscan,median,2.0,193,-31.404564410666755,117.30062824745963
3.1,1808.8,15,3,16,0.8,1625.0,3.9,3.2,4.5,1.0,5,dbscan,median,2.0,194,-32.23443754331974,116.93326006944444
3.2,1989.1,13,3,16,0.8,1174.8,3.9,3.1,3.8,1.0,5,dbscan,median,2.0,195,-31.240549510416663,117.13213060649484
3.9,878.6,1,5,5,0.2,724.8,3.9,3.0,3.7,1.0,5,dbscan,median,2.0,196,-32.29898206359374,117.20355465750276
3.3,1089.4,5,2,7,0.7,623.9,3.9,3.5,4.4,1.0,5,dbscan,median,2.0,197,-30.90855578951613,116.7777914504635
3.9,938.2,1,4,5,0.2,791.6,3.9,3.4,4.3,1.0,5,dbscan,median,2.0,198,-32.83475575622045,117.33846551464558
3.1,3080.2,10,6,15,0.6,2110.2,3.9,3.1,4.0,1.0,5,dbscan,median,2.0,199,-31.965001134158953,117.33098131991176
3.9,970.4,1,4,5,0.2,893.7,3.9,3.3,4.1,1.0,5,dbscan,median,2.0,200,-32.192165436507935,117.19970180555556
3.3,706.1,2,3,5,0.4,484.6,3.9,3.0,3.8,1.0,5,dbscan,median,2.0,201,-31.781916676167306,117.36334061562104
3.0,862.3,6,0,6,1.0,329.3,3.9,3.0,3.9,1.0,5,dbscan,median,2.0,202,-32.89343474666015,117.13716634360226
3.1,1294.3,5,2,7,0.7,687.0,3.9,3.1,3.9,1.0,5,dbscan,median,2.0,203,-32.288162053571426,117.81509254358524
3.1,1368.8,5,3,8,0.6,1001.0,3.9,3.2,3.8,1.0,5,dbscan,median,2.0,204,-31.708968189477496,117.67337282405862
3.2,2240.5,6,5,11,0.5,1681.8,3.9,3.1,3.9,1.0,5,dbscan,median,2.0,205,-32.06605762191938,117.16197778854507
3.1,980.3,4,2,6,0.7,827.7,3.8,2.9,3.8,1.0,5,dbscan,median,2.0,206,-32.98391921971776,116.99581571287219
3.0,1785.3,6,6,12,0.5,1263.5,3.8,2.9,3.6,1.0,5,dbscan,median,2.0,207,-32.695390750661375,117.18459299603175
3.1,1359.8,4,2,6,0.7,551.4,3.8,3.3,4.1,1.0,5,dbscan,median,2.0,208,-31.497035252572303,117.4160976920073
3.1,1691.0,7,4,11,0.6,1198.1,3.8,3.5,4.9,1.0,5,dbscan,median,2.0,209,-31.63736465659341,116.88330189112102
3.1,1895.1,7,4,11,0.6,1511.4,3.8,3.2,4.0,1.0,5,dbscan,median,2.0,210,-31.55973511002886,117.61700337826755
2.8,1326.2,5,1,6,0.8,544.9,3.8,2.7,3.8,1.0,5,dbscan,median,2.0,211,-32.036052579598035,117.07874681423984
3.1,1725.1,10,3,12,0.8,1218.7,3.8,3.1,3.8,1.0,5,dbscan,median,2.0,212,-31.76424945987654,116.94944274490888
2.9,1888.2,11,4,13,0.7,1605.9,3.8,2.8,3.8,1.0,5,dbscan,median,2.0,213,-31.22555976851852,117.11677204861113
3.1,480.3,5,0,5,1.0,287.3,3.8,3.1,3.8,1.0,5,dbscan,median,2.0,214,-32.78509598974043,117.36047278947903
3.0,2375.6,11,6,17,0.6,2125.5,3.8,3.1,4.1,1.0,5,dbscan,median,2.0,215,-31.763145456349207,116.89649687194472
2.9,1235.8,5,2,6,0.7,1083.6,3.8,3.0,3.7,1.0,5,dbscan,median,2.0,216,-31.919016532888406,117.16823302970178
3.4,922.3,3,2,4,0.6,606.1,3.8,3.4,3.8,1.0,5,dbscan,median,2.0,217,-31.26649500254375,117.43907469337324
3.4,1083.7,2,3,5,0.4,869.0,3.8,2.9,3.7,1.0,5,dbscan,median,2.0,218,-31.84700603310694,117.60160350835396
3.0,734.1,7,0,6,1.0,448.3,3.8,3.0,3.8,1.0,5,dbscan,median,2.0,219,-32.54022640987485,117.6752018507213
3.0,1860.9,5,4,9,0.6,1212.2,3.8,3.5,5.7,1.0,5,dbscan,median,2.0,220,-32.8891588856814,116.97181183694744
3.8,768.5,1,4,5,0.2,761.5,3.8,3.3,3.7,1.0,5,dbscan,median,2.0,221,-31.760053246253804,117.57650508390364
3.2,1324.5,6,4,9,0.6,1069.5,3.8,3.0,3.7,1.0,5,dbscan,median,2.0,222,-31.228434811136108,117.44472812421387
3.1,1191.1,4,3,7,0.6,1103.4,3.8,3.2,3.8,1.0,5,dbscan,median,2.0,223,-31.30996444604947,116.84986709486026
3.8,980.9,1,4,5,0.2,975.4,3.8,3.6,4.4,1.0,5,dbscan,median,2.0,224,-31.17810822823074,117.33299354655992
3.5,963.8,2,3,5,0.4,896.2,3.7,4.3,7.3,1.0,5,dbscan,median,2.0,225,-31.79580324443232,116.90101041871802
3.0,1244.4,4,3,7,0.6,907.9,3.7,3.3,3.8,1.0,5,dbscan,median,2.0,226,-31.781545788965765,116.88231102561198
3.3,1202.8,3,3,6,0.5,888.3,3.7,3.0,3.7,1.0,5,dbscan,median,2.0,227,-32.35520472168597,116.95947508503404
3.0,1799.3,4,6,9,0.4,1364.2,3.7,3.4,4.4,1.0,5,dbscan,median,2.0,228,-31.23461538401319,117.3591118845298
3.0,1828.2,8,4,12,0.7,1443.7,3.7,3.1,3.8,1.0,5,dbscan,median,2.0,229,-32.0280790511311,117.29067901967584
3.3,1681.7,4,6,10,0.4,1388.6,3.7,3.2,4.0,1.0,5,dbscan,median,2.0,230,-31.418941421562284,117.51644289029147
3.7,891.2,1,4,5,0.2,817.6,3.7,3.2,3.7,1.0,5,dbscan,median,2.0,231,-32.129432811016144,117.69448153193257
2.9,1663.5,5,5,10,0.5,1332.5,3.7,3.2,4.9,1.0,5,dbscan,median,2.0,232,-31.661062648827993,117.01689392857142
2.8,1881.1,5,4,9,0.6,1473.7,3.7,3.1,3.9,1.0,5,dbscan,median,2.0,233,-32.81069621356711,117.06937865595484
3.4,727.1,3,2,5,0.6,504.7,3.7,3.1,3.6,1.0,5,dbscan,median,2.0,234,-32.514639547653864,116.99428421992482
2.7,1942.8,12,6,17,0.7,1570.2,3.7,2.9,3.8,1.0,5,dbscan,median,2.0,235,-31.896030862960792,117.33421803170033
3.7,907.3,1,4,5,0.2,903.7,3.7,3.4,4.6,1.0,5,dbscan,median,2.0,236,-31.504049851190477,117.26464964285714
3.0,1697.7,7,2,9,0.8,1211.2,3.7,3.0,3.7,1.0,5,dbscan,median,2.0,237,-31.89493811965812,117.2899192602568
3.0,1470.0,4,3,7,0.6,1045.3,3.7,3.1,3.9,1.0,5,dbscan,median,2.0,238,-31.83081788964475,116.87640779962679
3.0,1407.6,9,4,12,0.7,1239.2,3.6,3.2,3.8,1.0,5,dbscan,median,2.0,239,-32.01300967261905,117.18214863559471
3.6,842.7,1,3,4,0.2,829.0,3.6,3.2,4.4,1.0,5,dbscan,median,2.0,240,-32.55729724585697,117.06736330149592
3.6,875.4,1,2,3,0.3,789.4,3.6,2.9,3.5,1.0,5,dbscan,median,2.0,241,-31.782377353479852,116.90101590888278
3.5,1022.6,2,5,7,0.3,975.0,3.6,3.2,3.7,1.0,5,dbscan,median,2.0,242,-31.84169225460207,117.0449101901455
3.2,1407.0,3,4,7,0.4,1000.0,3.6,3.2,3.7,1.0,5,dbscan,median,2.0,243,-32.09345853088057,117.22172531164152
3.1,1786.3,16,3,19,0.8,1605.3,3.6,3.1,3.5,1.0,5,dbscan,median,2.0,244,-31.177111726641414,117.38207796920396
3.0,2022.2,7,5,12,0.6,1299.4,3.6,3.0,3.8,1.0,5,dbscan,median,2.0,245,-32.82385754494348,117.18807212326638
3.3,1763.0,4,4,8,0.5,1336.6,3.6,3.0,3.6,1.0,5,dbscan,median,2.0,246,-32.5543789827903,117.09337844469783
3.6,947.7,1,4,4,0.2,860.4,3.6,3.1,3.6,1.0,5,dbscan,median,2.0,247,-31.948233716063044,117.12004226705042
3.6,985.2,1,4,5,0.2,880.2,3.6,3.1,3.9,1.0,5,dbscan,median,2.0,248,-32.8810496992809,117.1849674454661
3.6,912.0,1,4,5,0.2,800.6,3.6,3.4,3.8,1.0,5,dbscan,median,2.0,249,-32.09782883597884,117.14847898478835
3.6,975.4,1,4,5,0.2,919.0,3.6,3.7,4.2,1.0,5,dbscan,median,2.0,250,-31.888749382239386,116.9032348471686
3.6,889.7,1,4,5,0.2,829.5,3.6,3.2,3.7,1.0,5,dbscan,median,2.0,251,-31.258349803979513,117.14085033343184
3.6,962.7,1,4,5,0.2,890.7,3.6,3.6,4.1,1.0,5,dbscan,median,2.0,252,-31.77240192920585,116.92011359556705
3.3,1558.6,4,3,6,0.6,883.4,3.6,3.2,3.6,1.0,5,dbscan,median,2.0,253,-31.79655246791748,117.25517483632416
3.2,1420.1,3,4,7,0.4,1247.5,3.6,3.8,5.5,1.0,5,dbscan,median,2.0,254,-31.672206061395464,116.93776363979934
2.8,1395.4,7,1,8,0.9,828.6,3.6,2.9,3.6,1.0,5,dbscan,median,2.0,255,-31.785108366162685,117.5573313360636
3.2,732.5,2,3,5,0.4,720.4,3.6,3.3,4.0,1.0,5,dbscan,median,2.0,256,-31.307692442629943,117.32099514184611
3.5,1365.4,2,4,6,0.3,1235.4,3.6,3.4,3.7,1.0,5,dbscan,median,2.0,257,-32.44384252612873,116.96728409831746
3.1,868.3,2,3,5,0.4,738.1,3.6,2.9,3.8,1.0,5,dbscan,median,2.0,258,-32.07734204809575,117.13228741186848
3.6,885.8,1,4,5,0.2,657.9,3.6,3.5,3.7,1.0,5,dbscan,median,2.0,259,-31.75563791172967,117.00908428017937
2.8,2029.2,9,5,14,0.6,1461.3,3.6,3.1,4.7,1.0,5,dbscan,median,2.0,260,-31.985326161223036,117.16544158979184
2.8,505.3,6,0,6,1.0,497.3,3.5,2.8,3.5,1.0,5,dbscan,median,2.0,261,-31.959583920418638,117.06067383457403
3.4,1234.5,2,5,7,0.3,950.3,3.5,2.9,3.4,1.0,5,dbscan,median,2.0,262,-32.14718607580311,117.15298083080012
2.9,1970.7,6,3,9,0.7,1353.7,3.5,3.1,4.0,1.0,5,dbscan,median,2.0,263,-31.771540348939745,117.2894415954416
3.4,868.2,2,3,5,0.4,566.8,3.5,3.4,3.9,1.0,5,dbscan,median,2.0,264,-31.614822755432712,117.85600119052376
2.9,1584.6,5,3,8,0.6,1337.2,3.5,3.3,4.5,1.0,5,dbscan,median,2.0,265,-31.68951744810745,117.20108934283084
2.8,867.1,2,3,4,0.4,519.1,3.5,3.0,4.5,1.0,5,dbscan,median,2.0,266,-31.477735358210595,117.01705634517381
3.0,943.0,4,2,6,0.7,810.3,3.5,2.9,3.5,1.0,5,dbscan,median,2.0,267,-31.914097303240744,117.57016735979587
3.2,674.0,2,3,4,0.4,625.6,3.5,3.1,3.8,1.0,5,dbscan,median,2.0,268,-31.526819739094933,117.74182602498092
3.5,880.3,1,4,5,0.2,839.3,3.5,3.7,4.8,1.0,5,dbscan,median,2.0,269,-31.096980742945323,117.79053333333334
3.5,758.8,1,2,2,0.3,723.0,3.5,3.1,3.5,1.0,5,dbscan,median,2.0,270,-31.641594648368606,117.89961924052028
3.5,788.5,1,2,3,0.3,721.0,3.5,3.3,3.9,1.0,5,dbscan,median,2.0,271,-31.62519869745683,117.36508211976373
3.0,2132.3,4,6,10,0.4,1507.4,3.5,2.9,3.7,1.0,5,dbscan,median,2.0,272,-32.322916259146766,116.93640419761392
3.1,1154.0,4,4,8,0.5,1100.3,3.5,2.9,3.5,1.0,5,dbscan,median,2.0,273,-32.60002552172526,117.07033206968262
3.1,1220.7,2,4,6,0.3,1043.6,3.5,3.7,4.4,1.0,5,dbscan,median,2.0,274,-32.1324200696876,117.10585884583868
2.9,1437.8,4,2,6,0.7,660.7,3.5,3.2,4.8,1.0,5,dbscan,median,2.0,275,-31.965258250816472,117.25420003271238
2.9,1650.4,4,5,9,0.4,1091.4,3.5,3.1,4.1,1.0,5,dbscan,median,2.0,276,-31.398308516394437,117.18256435410933
3.1,1818.4,4,4,8,0.5,1225.0,3.4,3.2,3.6,1.0,5,dbscan,median,2.0,277,-31.897180154292904,117.01944043025043
3.4,981.3,1,4,4,0.2,833.3,3.4,4.2,5.8,1.0,5,dbscan,median,2.0,278,-31.235045338164248,117.16723588308028
3.2,970.9,4,2,6,0.7,735.7,3.4,3.2,3.4,1.0,5,dbscan,median,2.0,279,-32.7109805584602,117.36403068411046
3.4,999.6,1,5,6,0.2,965.6,3.4,3.6,4.8,1.0,5,dbscan,median,2.0,280,-31.902559576719575,116.88535599867726
2.7,774.7,3,2,5,0.6,738.1,3.4,2.9,4.0,1.0,5,dbscan,median,2.0,281,-31.519173833631633,117.202099961069
3.4,974.9,1,4,5,0.2,696.6,3.4,3.0,3.3,1.0,5,dbscan,median,2.0,282,-32.77642949182852,117.13905991122772
3.4,989.6,1,4,4,0.2,947.5,3.4,3.1,3.5,1.0,5,dbscan,median,2.0,283,-32.317497238005046,117.68801340225168
3.2,1348.6,2,6,7,0.2,1061.5,3.4,3.1,3.8,1.0,5,dbscan,median,2.0,284,-31.916124431025025,117.25853671708059
2.9,1589.2,3,4,7,0.4,909.4,3.3,3.2,4.8,1.0,5,dbscan,median,2.0,285,-31.006300988977067,116.7855125316665
3.2,782.1,2,3,5,0.4,694.3,3.3,3.1,3.4,1.0,5,dbscan,median,2.0,286,-31.206048974005743,117.3509944738573
3.0,1450.0,3,3,6,0.5,885.9,3.3,2.8,3.4,1.0,5,dbscan,median,2.0,287,-31.810123762272458,116.8755864875714
3.1,753.9,3,2,5,0.6,712.6,3.3,3.1,3.6,1.0,5,dbscan,median,2.0,288,-31.621176940722172,117.79101620806188
2.8,1383.6,2,5,7,0.3,1250.2,3.3,2.9,3.5,1.0,5,dbscan,median,2.0,289,-32.56961161328063,116.93777530779087
3.1,1437.8,3,5,8,0.4,1137.6,3.3,3.1,3.8,1.0,5,dbscan,median,2.0,290,-31.877074364153614,117.0917830158431
2.8,1861.9,5,4,9,0.6,1553.2,3.3,3.1,4.1,1.0,5,dbscan,median,2.0,291,-32.022509897148566,117.13546309708605
3.3,864.1,1,4,5,0.2,830.7,3.3,3.4,4.3,1.0,5,dbscan,median,2.0,292,-31.876553188657404,117.1966349826389
3.2,1462.6,3,4,7,0.4,1235.2,3.3,3.3,3.8,1.0,5,dbscan,median,2.0,293,-32.64861982142857,117.04907530974428
2.8,1291.8,5,2,7,0.7,1003.6,3.3,3.1,4.0,1.0,5,dbscan,median,2.0,294,-31.69967756244617,117.11549162147269
3.2,975.5,1,4,5,0.2,973.5,3.2,2.9,3.2,1.0,5,dbscan,median,2.0,295,-31.965652010671775,117.38145382396496
2.8,1787.8,3,5,8,0.4,1391.4,3.2,2.7,3.3,1.0,5,dbscan,median,2.0,296,-31.573622624435295,117.78703542806292
2.6,1229.5,4,2,6,0.7,558.0,3.2,2.9,4.2,1.0,5,dbscan,median,2.0,297,-31.869136906163725,117.44971399405928
2.9,1431.3,4,3,7,0.6,1064.8,3.2,3.0,3.4,1.0,5,dbscan,median,2.0,298,-32.90607424814131,117.30101088491777
3.2,992.0,1,4,5,0.2,730.2,3.2,3.1,3.6,1.0,5,dbscan,median,2.0,299,-31.51355273809524,116.85491849206348
2.8,1718.2,3,7,10,0.3,1508.8,3.2,3.0,3.7,1.0,5,dbscan,median,2.0,300,-31.646514168360433,117.8330532844964
2.9,1061.4,3,2,5,0.6,747.9,3.2,2.8,3.2,1.0,5,dbscan,median,2.0,301,-31.80808813988095,117.40043817675895
2.7,1364.8,3,3,6,0.5,953.1,3.2,3.5,5.8,1.0,5,dbscan,median,2.0,302,-31.73482427112154,117.78921800848433
3.2,816.8,1,4,5,0.2,779.5,3.2,3.1,3.8,1.0,5,dbscan,median,2.0,303,-32.530116560309466,117.02334939205102
2.7,1165.2,4,3,6,0.6,874.1,3.2,3.2,4.3,1.0,5,dbscan,median,2.0,304,-31.557419394003922,117.50674484312484
3.2,986.8,1,2,3,0.3,687.3,3.2,3.0,3.2,1.0,5,dbscan,median,2.0,305,-32.03479714831218,117.04484581775552
3.2,943.5,1,4,5,0.2,778.2,3.2,3.1,3.4,1.0,5,dbscan,median,2.0,306,-31.57191570843206,117.83506638078347
3.2,974.1,1,4,5,0.2,868.2,3.2,3.2,3.7,1.0,5,dbscan,median,2.0,307,-32.571674975198405,117.4566742311508
3.2,924.3,1,4,5,0.2,887.7,3.2,3.7,6.2,1.0,5,dbscan,median,2.0,308,-32.57068813492063,117.04391455357144
2.6,1143.7,8,2,10,0.8,1096.1,3.2,2.9,4.2,1.0,5,dbscan,median,2.0,309,-31.832023553070535,117.09729010511745
3.1,1116.5,4,4,8,0.5,1027.8,3.2,2.9,3.5,1.0,5,dbscan,median,2.0,310,-32.28830008379863,117.63014424048785
3.2,999.9,1,5,6,0.2,956.7,3.2,3.4,4.4,1.0,5,dbscan,median,2.0,311,-32.40078673651722,117.2063848765432
2.8,1783.8,7,2,7,0.8,1245.5,3.1,2.9,3.5,1.0,5,dbscan,median,2.0,312,-31.546327015692643,117.18366549452864
2.6,865.1,3,2,5,0.6,779.5,3.1,2.6,3.1,1.0,5,dbscan,median,2.0,313,-31.71175520089286,117.17679809151784
2.6,985.2,2,4,6,0.3,721.1,3.1,3.5,4.2,1.0,5,dbscan,median,2.0,314,-31.84723731157115,117.01178393060255
3.1,940.6,1,5,6,0.2,934.8,3.1,2.9,3.6,1.0,5,dbscan,median,2.0,315,-31.730556223131615,117.65573170262896
3.1,849.2,1,4,4,0.2,829.2,3.1,2.6,3.6,1.0,5,dbscan,median,2.0,316,-31.878001927083336,117.34381098958332
2.8,1803.9,5,4,9,0.6,1226.2,3.1,2.8,3.2,1.0,5,dbscan,median,2.0,317,-32.25434102204984,117.1925972148177
3.0,1328.5,2,5,7,0.3,1182.9,3.1,2.8,3.1,1.0,5,dbscan,median,2.0,318,-31.471614486683073,117.29413103823816
3.1,912.0,1,4,5,0.2,869.9,3.1,3.4,4.3,1.0,5,dbscan,median,2.0,319,-31.30136969348659,117.2954861494253
2.9,915.0,2,3,5,0.4,903.1,3.1,3.2,4.1,1.0,5,dbscan,median,2.0,320,-31.16345170342499,117.01006256977871
3.1,865.0,1,4,5,0.2,799.6,3.1,3.1,4.1,1.0,5,dbscan,median,2.0,321,-31.54137157738095,117.16011164434524
2.9,841.7,2,3,5,0.4,825.1,3.1,3.4,5.1,1.0,5,dbscan,median,2.0,322,-32.38332072823067,117.3989876054685
3.1,914.4,1,4,5,0.2,789.1,3.1,2.9,3.5,1.0,5,dbscan,median,2.0,323,-32.72243929816639,117.33449142440551
3.1,965.3,1,4,5,0.2,897.0,3.1,3.4,4.1,1.0,5,dbscan,median,2.0,324,-32.87232044609789,117.25986260722551
2.9,865.3,2,3,5,0.4,784.1,3.1,2.9,3.3,1.0,5,dbscan,median,2.0,325,-31.539772937192115,116.85966595654307
2.8,993.8,4,2,6,0.7,715.7,3.1,2.8,3.1,1.0,5,dbscan,median,2.0,326,-32.636381803793725,117.05767290361031
3.1,837.5,1,3,4,0.2,680.6,3.1,3.7,4.5,1.0,5,dbscan,median,2.0,327,-31.883023095389863,116.99019109389847
3.1,990.7,1,4,5,0.2,675.1,3.1,4.0,5.0,1.0,5,dbscan,median,2.0,328,-31.32521391470798,117.44643032876844
2.6,1156.4,6,1,6,0.9,826.0,3.0,2.5,3.0,1.0,5,dbscan,median,2.0,329,-32.15189008678243,116.86430403255943
3.0,996.4,1,4,5,0.2,914.8,3.0,2.7,3.1,1.0,5,dbscan,median,2.0,330,-32.490282470238085,116.9603755952381
3.0,982.3,1,4,5,0.2,959.4,3.0,3.3,3.9,1.0,5,dbscan,median,2.0,331,-31.73233722643097,117.10155490319866
3.0,940.8,1,4,5,0.2,919.2,3.0,3.2,3.7,1.0,5,dbscan,median,2.0,332,-31.86312003956131,117.41069281574062
3.0,974.0,1,5,6,0.2,922.1,3.0,3.9,5.2,1.0,5,dbscan,median,2.0,333,-31.50430134259259,117.05377689043212
3.0,845.0,1,4,5,0.2,826.9,3.0,4.5,8.3,1.0,5,dbscan,median,2.0,334,-31.929449233906524,117.35212835831862
2.8,1003.6,2,4,6,0.3,849.3,3.0,3.1,3.3,1.0,5,dbscan,median,2.0,335,-32.199188565723176,117.29938690545973
2.6,1507.8,8,1,9,0.9,863.1,3.0,2.6,3.0,1.0,5,dbscan,median,2.0,336,-31.61704780867624,117.62032540490182
3.0,947.0,1,4,5,0.2,847.3,3.0,3.3,4.6,1.0,5,dbscan,median,2.0,337,-31.82920182107138,117.25073555888306
3.0,996.9,1,4,5,0.2,988.7,3.0,3.9,6.0,1.0,5,dbscan,median,2.0,338,-31.348209855789015,117.50763699353038
2.8,1141.4,2,6,8,0.2,1083.7,3.0,2.7,3.0,1.0,5,dbscan,median,2.0,339,-31.99092135032567,117.24027548648601
2.9,976.3,1,4,5,0.2,858.2,2.9,3.4,3.8,1.0,5,dbscan,median,2.0,340,-31.633989118053584,117.36959440908724
2.5,1603.5,3,4,7,0.4,1006.0,2.9,3.4,5.5,1.0,5,dbscan,median,2.0,341,-31.948412835884355,117.3989574910242
2.5,1241.4,3,3,6,0.5,1012.2,2.9,2.7,3.5,1.0,5,dbscan,median,2.0,342,-31.689020216836735,116.90620687575586
2.9,969.8,1,5,6,0.2,956.7,2.9,3.4,4.6,1.0,5,dbscan,median,2.0,343,-31.647814669929673,117.46251912511632
2.9,969.1,1,4,5,0.2,902.9,2.9,3.8,4.6,1.0,5,dbscan,median,2.0,344,-31.370629080960235,117.27237696250558
2.5,1216.2,2,5,6,0.3,1105.0,2.9,2.7,3.1,1.0,5,dbscan,median,2.0,345,-32.53667413698431,117.07964501765738
2.7,1154.4,5,1,6,0.8,650.9,2.9,2.9,3.3,1.0,5,dbscan,median,2.0,346,-31.94505931818182,117.27000045342484
2.5,861.3,3,3,6,0.5,820.9,2.9,3.2,5.2,1.0,5,dbscan,median,2.0,347,-31.379643627173085,117.20307455528187
2.5,1637.5,8,2,10,0.8,1209.2,2.8,2.5,3.2,1.0,5,dbscan,median,2.0,348,-32.183876857132574,117.00882638432017
2.8,893.2,2,3,4,0.4,842.7,2.8,2.8,3.3,1.0,5,dbscan,median,2.0,349,-31.75714146453373,117.35464212136243
2.7,1036.8,2,4,6,0.3,976.7,2.8,3.1,4.3,1.0,5,dbscan,median,2.0,350,-31.853718640648307,117.32320980143626
2.8,925.5,1,4,4,0.2,753.8,2.8,3.0,3.3,1.0,5,dbscan,median,2.0,351,-32.726969811396664,117.99087961853618
2.8,970.3,1,4,5,0.2,890.3,2.8,4.2,5.0,1.0,5,dbscan,median,2.0,352,-30.99061133679778,116.76410747039358
2.6,881.5,2,3,5,0.4,729.6,2.8,3.1,3.8,1.0,5,dbscan,median,2.0,353,-31.67776666841703,117.07550855935759
2.8,998.9,1,4,5,0.2,972.8,2.8,3.0,3.9,1.0,5,dbscan,median,2.0,354,-31.53832840042838,117.02438015221468
2.5,753.5,2,4,5,0.3,685.0,2.8,3.2,4.0,1.0,5,dbscan,median,2.0,355,-31.314548217179237,117.68041531897597
2.8,930.1,1,4,5,0.2,911.3,2.8,2.9,3.4,1.0,5,dbscan,median,2.0,356,-31.757618986992945,117.15511144455468
2.7,609.1,2,3,5,0.4,526.5,2.8,3.0,4.8,1.0,5,dbscan,median,2.0,357,-31.60805389685083,117.69060505516981
2.8,967.7,1,4,5,0.2,879.2,2.8,3.1,3.7,1.0,5,dbscan,median,2.0,358,-31.18080587587588,118.0898510691942
2.6,882.8,2,3,4,0.4,767.6,2.8,2.6,2.8,1.0,5,dbscan,median,2.0,359,-31.988818335106178,117.26345440593326
2.7,1025.5,6,4,10,0.6,966.2,2.8,3.3,4.8,1.0,5,dbscan,median,2.0,360,-32.161820124398226,117.61354667104945
2.8,841.0,1,4,5,0.2,781.8,2.8,2.5,2.8,1.0,5,dbscan,median,2.0,361,-32.613356442901235,117.0928528742284
2.5,1302.7,4,3,7,0.6,1060.8,2.7,2.7,3.0,1.0,5,dbscan,median,2.0,362,-32.00146392255892,117.42119808844168
2.7,968.3,1,4,4,0.2,923.6,2.7,2.8,3.0,1.0,5,dbscan,median,2.0,363,-32.472753149694896,117.50975148430469
2.4,1818.0,4,4,8,0.5,1133.1,2.7,2.7,3.6,1.0,5,dbscan,median,2.0,364,-31.93920272288066,117.18772136542825
2.7,926.0,1,4,4,0.2,774.7,2.7,2.9,3.2,1.0,5,dbscan,median,2.0,365,-31.984941765873018,117.4718919973545
2.6,927.1,1,4,5,0.2,926.1,2.6,3.3,3.8,1.0,5,dbscan,median,2.0,366,-31.995221758389025,117.3382284382832
2.6,909.2,1,4,4,0.2,901.7,2.6,3.3,3.7,1.0,5,dbscan,median,2.0,367,-31.839692954545455,117.29319143939392
2.5,984.1,2,4,6,0.3,941.7,2.6,2.8,3.9,1.0,5,dbscan,median,2.0,368,-31.809953997130524,117.29352391553398
2.5,875.1,2,3,4,0.4,808.1,2.6,3.0,4.3,1.0,5,dbscan,median,2.0,369,-32.002881603218206,117.79729019410647
2.6,807.9,1,4,5,0.2,699.3,2.6,2.9,3.9,1.0,5,dbscan,median,2.0,370,-32.88981041666667,116.86324791666668
2.6,882.5,2,3,5,0.4,874.4,2.6,2.7,3.1,1.0,5,dbscan,median,2.0,371,-32.98414421088157,116.91543892616039
2.4,1344.8,2,5,7,0.3,1123.8,2.6,4.0,7.4,1.0,5,dbscan,median,2.0,372,-32.94195345330306,117.00340753093839
2.6,859.8,1,3,4,0.2,832.7,2.6,3.0,3.7,1.0,5,dbscan,median,2.0,373,-32.05005319163861,117.3809462191358
2.6,623.6,1,2,3,0.3,533.8,2.6,2.6,2.9,1.0,5,dbscan,median,2.0,374,-32.491811037347155,116.9496612359062
2.6,762.2,1,4,4,0.2,585.8,2.6,3.1,3.9,1.0,5,dbscan,median,2.0,375,-31.62481135149573,117.39002942485754
2.6,982.9,1,3,4,0.2,898.9,2.6,2.8,3.0,1.0,5,dbscan,median,2.0,376,-32.928890305717296,117.02006973493133
2.5,976.0,1,4,5,0.2,901.9,2.5,3.4,4.7,1.0,5,dbscan,median,2.0,377,-31.534986977238265,117.77328673471848
2.4,1515.0,3,3,6,0.5,829.5,2.5,2.9,4.1,1.0,5,dbscan,median,2.0,378,-32.409082894044616,117.06075939078283
2.3,723.8,2,3,5,0.4,671.0,2.5,2.3,2.6,1.0,5,dbscan,median,2.0,379,-31.859253634019723,118.12346809929609
2.5,778.5,1,4,4,0.2,740.3,2.5,3.7,4.4,1.0,5,dbscan,median,2.0,380,-31.236046875,116.8450644593254
2.4,791.7,2,4,6,0.3,672.3,2.5,3.1,3.9,1.0,5,dbscan,median,2.0,381,-31.864579247035614,117.24281733286483
2.5,971.1,1,4,5,0.2,951.8,2.5,3.4,4.3,1.0,5,dbscan,median,2.0,382,-31.392596940337516,117.02216175515235
2.4,907.2,1,4,5,0.2,897.8,2.4,3.1,3.6,1.0,5,dbscan,median,2.0,383,-31.882930656737415,117.47432491844452
2.4,948.9,1,4,5,0.2,628.1,2.4,4.1,7.0,1.0,5,dbscan,median,2.0,384,-31.65768141025641,117.80449350605414
2.4,981.0,1,4,5,0.2,922.6,2.4,3.3,4.0,1.0,5,dbscan,median,2.0,385,-32.793882351190476,117.19436671626984
2.4,748.2,1,4,4,0.2,743.2,2.4,2.9,3.3,1.0,5,dbscan,median,2.0,386,-32.1726060737782,117.28448683068348
2.3,941.6,1,4,5,0.2,905.5,2.3,2.7,4.3,1.0,5,dbscan,median,2.0,387,-31.70381279761905,117.2644394262566
2.3,984.0,1,4,5,0.2,822.8,2.3,2.9,3.5,1.0,5,dbscan,median,2.0,388,-32.438637962962964,117.14445324074076
2.3,964.6,1,4,5,0.2,765.0,2.3,4.3,8.2,1.0,5,dbscan,median,2.0,389,-31.625191249999997,117.0934410462963
2.3,864.2,1,4,5,0.2,856.1,2.3,3.5,5.4,1.0,5,dbscan,median,2.0,390,-31.983862362865068,117.4070359377549
2.3,879.9,1,3,4,0.2,712.0,2.3,3.0,3.3,1.0,5,dbscan,median,2.0,391,-31.87604660862656,117.36274110652248
2.3,948.2,2,3,5,0.4,923.0,2.3,2.7,3.1,1.0,5,dbscan,median,2.0,392,-31.950421443833942,117.68643658806472
2.3,908.7,1,4,5,0.2,790.9,2.3,3.8,4.4,1.0,5,dbscan,median,2.0,393,-31.93316560185185,117.80208145585316
2.2,853.9,1,4,5,0.2,690.4,2.2,3.4,4.7,1.0,5,dbscan,median,2.0,394,-31.678974526385073,117.34181660323183
2.2,912.4,1,4,5,0.2,760.8,2.2,2.9,3.3,1.0,5,dbscan,median,2.0,395,-33.004453894408144,116.91408389461536
2.2,945.2,1,4,5,0.2,876.3,2.2,3.3,4.3,1.0,5,dbscan,median,2.0,396,-32.27812240740741,117.19631011574072
2.2,995.3,1,4,5,0.2,951.5,2.2,2.8,3.3,1.0,5,dbscan,median,2.0,397,-31.964157453013257,117.56667331876127
2.2,876.9,2,3,5,0.4,472.9,2.2,3.2,4.0,1.0,5,dbscan,median,2.0,398,-31.730557516491444,116.9944002666976
2.2,993.2,1,4,5,0.2,977.7,2.2,2.8,3.2,1.0,5,dbscan,median,2.0,399,-31.674438776678222,117.43829962978484
2.2,956.4,1,4,5,0.2,925.6,2.2,3.1,3.6,1.0,5,dbscan,median,2.0,400,-32.302657368827155,116.91670077160492
2.2,878.0,1,4,5,0.2,346.3,2.2,3.1,4.5,1.0,5,dbscan,median,2.0,401,-31.880214731562702,117.15038319119556
2.1,1367.4,2,5,7,0.3,1284.9,2.2,2.8,4.0,1.0,5,dbscan,median,2.0,402,-32.46229460250583,117.11861712181735
2.1,740.4,1,4,5,0.2,697.9,2.1,3.5,4.4,1.0,5,dbscan,median,2.0,403,-32.3455798098545,117.8573610639881
2.1,916.0,1,5,6,0.2,775.2,2.1,2.8,3.5,1.0,5,dbscan,median,2.0,404,-32.587779377939455,117.02937911988988
2.0,719.1,1,4,5,0.2,559.3,2.0,3.2,4.0,1.0,5,dbscan,median,2.0,405,-32.86511475363756,117.06077272321428
